type,url,date
 Journée mondiale des parents,https://www.journee-mondiale.com/342/journee-mondiale-des-parents.htm,1 juin
 Semaine Nationale de sensibilisation à l'hémochromatose,https://www.journee-mondiale.com/324/semaine-nationale-de-sensibilisation-a-l-hemochromatose.htm,1 juin
 Journée mondiale de la course à pieds,https://www.journee-mondiale.com/555/journee-mondiale-de-la-course-a-pieds.htm,1 juin
 Journée mondiale du lait,https://www.journee-mondiale.com/390/journee-mondiale-du-lait.htm,1 juin
 Journée mondiale des TCA,https://www.journee-mondiale.com/656/journee-mondiale-des-tca.htm,2 juin
 Journée Mondiale pour un Tourisme Responsable et Respectueux,https://www.journee-mondiale.com/91/journee-mondiale-pour-un-tourisme-responsable-et-respectueux.htm,2 juin
 Journée mondiale pour le vélo,https://www.journee-mondiale.com/513/journee-mondiale-pour-le-velo.htm,3 juin
 Journée nationale du donut,https://www.journee-mondiale.com/493/journee-nationale-du-donut.htm,3 juin
 Journée Internationale des enfants victimes innocentes d'agression,https://www.journee-mondiale.com/166/journee-internationale-des-enfants-victimes-innocentes-d-agression.htm,4 juin
 Journée Mondiale de l'environnement,https://www.journee-mondiale.com/170/journee-mondiale-de-l-environnement.htm,5 juin
 Journée de la mini-jupe,https://www.journee-mondiale.com/468/journee-de-la-mini-jupe.htm,6 juin
 Journée mondiale de l'orthoptique,https://www.journee-mondiale.com/339/journee-mondiale-de-l-orthoptique.htm,6 juin
 Journée mondiale de la maladie de Verneuil,https://www.journee-mondiale.com/387/journee-mondiale-de-la-maladie-de-verneuil.htm,6 juin
 Journée mondiale des martinets,https://www.journee-mondiale.com/607/journee-mondiale-des-martinets.htm,7 juin
 Journée mondiale anti contrefaçon,https://www.journee-mondiale.com/340/journee-mondiale-anti-contrefacon.htm,8 juin
 Journée Mondiale des océans,https://www.journee-mondiale.com/190/journee-mondiale-des-oceans.htm,8 juin
 Journée nationale d'hommage aux morts pour la France en Indochine,https://www.journee-mondiale.com/608/journee-nationale-d-hommage-aux-morts-pour-la-france-en-indochine.htm,8 juin
 Journée Internationale des Archives,https://www.journee-mondiale.com/311/journee-internationale-des-archives.htm,9 juin
 journée mondiale de sensibilisation aux passages à niveau,https://www.journee-mondiale.com/335/journee-mondiale-de-sensibilisation-aux-passages-a-niveau.htm,10 juin
 Journée internationale de la NASH,https://www.journee-mondiale.com/522/journee-internationale-de-la-nash.htm,10 juin
 Journée mondiale de la poupée,https://www.journee-mondiale.com/565/journee-mondiale-de-la-poupee.htm,11 juin
 Journée mondiale du tricot,https://www.journee-mondiale.com/40/journee-mondiale-du-tricot.htm,11 juin
 Journée mondiale du bien-être,https://www.journee-mondiale.com/452/journee-mondiale-du-bien-etre.htm,11 juin
 La Nuit du handicap,https://www.journee-mondiale.com/601/la-nuit-du-handicap.htm,11 juin
 Journée Mondiale contre le travail des enfants,https://www.journee-mondiale.com/26/journee-mondiale-contre-le-travail-des-enfants.htm,12 juin
 Semaine nationale de dépistage du cancer de la peau,https://www.journee-mondiale.com/47/semaine-nationale-de-depistage-du-cancer-de-la-peau.htm,12 juin
 Journée nationale de sensibilisation au TDAH,https://www.journee-mondiale.com/689/journee-nationale-de-sensibilisation-au-tdah.htm,12 juin
 Journée internationale de sensibilisation à l'albinisme,https://www.journee-mondiale.com/433/journee-internationale-de-sensibilisation-a-l-albinisme.htm,13 juin
 Journée Mondiale des donneurs de sang,https://www.journee-mondiale.com/39/journee-mondiale-des-donneurs-de-sang.htm,14 juin
 Journée mondiale de lutte contre la maltraitance des personnes âgées,https://www.journee-mondiale.com/45/journee-mondiale-de-lutte-contre-la-maltraitance-des-personnes-agees.htm,15 juin
 Journées de lutte contre les ambroisies,https://www.journee-mondiale.com/688/journees-de-lutte-contre-les-ambroisies.htm,15 juin
 Journée européenne du vent (de l'énergie éolienne),https://www.journee-mondiale.com/46/journee-europeenne-du-vent-de-l-energie-eolienne.htm,15 juin
 Journée Mondiale de l'enfant Africain,https://www.journee-mondiale.com/61/journee-mondiale-de-l-enfant-africain.htm,16 juin
 Journée nationale de la santé du pied,https://www.journee-mondiale.com/21/journee-nationale-de-la-sante-du-pied.htm,16 juin
 Journée nationale de l'agriculture,https://www.journee-mondiale.com/240/journee-nationale-de-l-agriculture.htm,17 juin
 Journée Mondiale de lutte contre la désertification et la sécheresse,https://www.journee-mondiale.com/70/journee-mondiale-de-lutte-contre-la-desertification-et-la-secheresse.htm,17 juin
 Journée de la gastronomie durable,https://www.journee-mondiale.com/684/journee-de-la-gastronomie-durable.htm,18 juin
 Journée internationale du surf,https://www.journee-mondiale.com/574/journee-internationale-du-surf.htm,18 juin
 Journée internationale du sushi,https://www.journee-mondiale.com/609/journee-internationale-du-sushi.htm,18 juin
 Journée Mondiale de la drépanocytose,https://www.journee-mondiale.com/249/journee-mondiale-de-la-drepanocytose.htm,19 juin
 journée internationale pour l'élimination de la violence sexuelle en temps de conflit,https://www.journee-mondiale.com/444/journee-internationale-pour-l-elimination-de-la-violence-sexuelle-en-temps-de-conflit.htm,19 juin
 Journée Mondiale des réfugiés,https://www.journee-mondiale.com/94/journee-mondiale-des-refugies.htm,20 juin
 Journée mondiale du tennis,https://www.journee-mondiale.com/385/journee-mondiale-du-tennis.htm,20 juin
 Journée mondiale de la moto,https://www.journee-mondiale.com/645/journee-mondiale-de-la-moto.htm,21 juin
 Journée internationale de la girafe,https://www.journee-mondiale.com/662/journee-internationale-de-la-girafe.htm,21 juin
 Journée Mondiale de la Sclérose Latérale Amyotrophique,https://www.journee-mondiale.com/333/journee-mondiale-de-la-sclerose-laterale-amyotrophique.htm,21 juin
 Journée Mondiale du yoga,https://www.journee-mondiale.com/418/journee-mondiale-du-yoga.htm,21 juin
 Journée internationale de la lenteur,https://www.journee-mondiale.com/251/journee-internationale-de-la-lenteur.htm,21 juin
 Journée nationale de réflexion sur le don d'organes et la greffe,https://www.journee-mondiale.com/114/journee-nationale-de-reflexion-sur-le-don-d-organes-et-la-greffe.htm,22 juin
 Journée mondiale des veuves,https://www.journee-mondiale.com/346/journee-mondiale-des-veuves.htm,23 juin
 Journée olympique mondiale,https://www.journee-mondiale.com/473/journee-olympique-mondiale.htm,23 juin
 Journée mondiale pour la fonction publique,https://www.journee-mondiale.com/488/journee-mondiale-pour-la-fonction-publique.htm,23 juin
 Journée mondiale des amoureux de l'Alsace,https://www.journee-mondiale.com/532/journee-mondiale-des-amoureux-de-l-alsace.htm,24 juin
 Journée nationale des sauveteurs en mer,https://www.journee-mondiale.com/611/journee-nationale-des-sauveteurs-en-mer.htm,25 juin
 Journée Mondiale contre l'abandon des animaux de compagnie,https://www.journee-mondiale.com/564/journee-mondiale-contre-l-abandon-des-animaux-de-compagnie.htm,25 juin
 Journée mondiale des gens de mer,https://www.journee-mondiale.com/687/journee-mondiale-des-gens-de-mer.htm,25 juin
 Journée mondiale du vitiligo,https://www.journee-mondiale.com/435/journee-mondiale-du-vitiligo.htm,25 juin
 Journée Internationale des Nations Unies pour le soutien aux victimes de la torture,https://www.journee-mondiale.com/139/journee-internationale-des-nations-unies-pour-le-soutien-aux-victimes-de-la-torture.htm,26 juin
 Journée Internationale contre l'abus et le trafic illicite de drogues,https://www.journee-mondiale.com/138/journee-internationale-contre-l-abus-et-le-trafic-illicite-de-drogues.htm,26 juin
 Journée mondiale de la majuscule (Caps Lock Day),https://www.journee-mondiale.com/651/journee-mondiale-de-la-majuscule-caps-lock-day.htm,28 juin
 Journée mondiale du Petit Prince,https://www.journee-mondiale.com/602/journee-mondiale-du-petit-prince.htm,29 juin
 Journée mondiale des astéroïdes,https://www.journee-mondiale.com/441/journee-mondiale-des-asteroides.htm,30 juin
 Journée Mondiale de la Paix,https://www.journee-mondiale.com/5/journee-mondiale-de-la-paix.htm,1 janvier
 Journée du domaine public,https://www.journee-mondiale.com/303/journee-du-domaine-public.htm,1 janvier
 Journée mondiale du braille,https://www.journee-mondiale.com/165/journee-mondiale-du-braille.htm,4 janvier
 Journée Mondiale des orphelins de guerre,https://www.journee-mondiale.com/380/journee-mondiale-des-orphelins-de-guerre.htm,6 janvier
 La journée de la quenouille,https://www.journee-mondiale.com/632/la-journee-de-la-quenouille.htm,7 janvier
 Journée internationale du bain moussant,https://www.journee-mondiale.com/633/journee-internationale-du-bain-moussant.htm,8 janvier
 Journée mondiale de la Corse,https://www.journee-mondiale.com/196/journee-mondiale-de-la-corse.htm,9 janvier
 Journée mondiale de la langue hindi,https://www.journee-mondiale.com/620/journee-mondiale-de-la-langue-hindi.htm,10 janvier
 Journée mondiale Tintin,https://www.journee-mondiale.com/549/journee-mondiale-tintin.htm,10 janvier
" Journée mondiale ""merci""",https://www.journee-mondiale.com/634/journee-mondiale--merci-.htm,11 janvier
 Kiss a Ginger day*,https://www.journee-mondiale.com/367/kiss-a-ginger-day.htm,12 janvier
 Journée mondiale sans pantalon,https://www.journee-mondiale.com/305/journee-mondiale-sans-pantalon.htm,13 janvier
 Journée nationale de l'hypersensibilité,https://www.journee-mondiale.com/547/journee-nationale-de-l-hypersensibilite.htm,13 janvier
 Journée mondiale de la logique,https://www.journee-mondiale.com/670/journee-mondiale-de-la-logique.htm,14 janvier
 Blue monday,https://www.journee-mondiale.com/420/blue-monday.htm,17 janvier
 Journée Internationale de la cuisine italienne,https://www.journee-mondiale.com/368/journee-internationale-de-la-cuisine-italienne.htm,17 janvier
 Journée internationale du Pop Corn,https://www.journee-mondiale.com/470/journee-internationale-du-pop-corn.htm,19 janvier
 Journée internationale des câlins,https://www.journee-mondiale.com/304/journee-internationale-des-calins.htm,21 janvier
 Journée franco-allemande,https://www.journee-mondiale.com/424/journee-franco-allemande.htm,22 janvier
 Journée mondiale des solitudes,https://www.journee-mondiale.com/504/journee-mondiale-des-solitudes.htm,23 janvier
 Journée Internationale du sport féminin,https://www.journee-mondiale.com/369/journee-internationale-du-sport-feminin.htm,24 janvier
 Journée Internationale de l'éducation,https://www.journee-mondiale.com/178/journee-internationale-de-l-education.htm,24 janvier
 Journée mondiale de la culture africaine et afro-descendante,https://www.journee-mondiale.com/671/journee-mondiale-de-la-culture-africaine-et-afro-descendante.htm,24 janvier
 Journée Mondiale de la Douane et sur l'éthique,https://www.journee-mondiale.com/137/journee-mondiale-de-la-douane-et-sur-l-ethique.htm,26 janvier
 Journée de la mémoire de l'Holocauste et de la prévention des crimes contre l'humanité,https://www.journee-mondiale.com/143/journee-de-la-memoire-de-l-holocauste-et-de-la-prevention-des-crimes-contre-l-humanite.htm,27 janvier
 Journée mondiale de la protection des données,https://www.journee-mondiale.com/309/journee-mondiale-de-la-protection-des-donnees.htm,28 janvier
 Journée mondiale du caviardage,https://www.journee-mondiale.com/654/journee-mondiale-du-caviardage.htm,29 janvier
 Journée Mondiale des lépreux,https://www.journee-mondiale.com/127/journee-mondiale-des-lepreux.htm,30 janvier
 Journée Mondiale des Zones Humides,https://www.journee-mondiale.com/90/journee-mondiale-des-zones-humides.htm,2 février
 Journée de la marmotte,https://www.journee-mondiale.com/508/journee-de-la-marmotte.htm,2 février
 Journée mondiale de la vie consacrée,https://www.journee-mondiale.com/543/journee-mondiale-de-la-vie-consacree.htm,2 février
 Journée internationale sans paille,https://www.journee-mondiale.com/517/journee-internationale-sans-paille.htm,3 février
 Journée internationale de la fraternité humaine,https://www.journee-mondiale.com/652/journee-internationale-de-la-fraternite-humaine.htm,4 février
 Journée Mondiale contre le cancer,https://www.journee-mondiale.com/218/journee-mondiale-contre-le-cancer.htm,4 février
 La Journée Mondiale des intelligences animales,https://www.journee-mondiale.com/523/la-journee-mondiale-des-intelligences-animales.htm,5 février
 Journée mondiale du Nutella,https://www.journee-mondiale.com/294/journee-mondiale-du-nutella.htm,5 février
 Journée internationale contre les mutilations génitales féminines,https://www.journee-mondiale.com/175/journee-internationale-contre-les-mutilations-genitales-feminines.htm,6 février
 Journées Mondiales sans téléphone mobile,https://www.journee-mondiale.com/174/journees-mondiales-sans-telephone-mobile.htm,7 février
 Journée mondiale pour un internet plus sur,https://www.journee-mondiale.com/312/journee-mondiale-pour-un-internet-plus-sur.htm,8 février
 Journée mondiale de prière et de réflexion sur la traite des êtres humains,https://www.journee-mondiale.com/497/journee-mondiale-de-priere-et-de-reflexion-sur-la-traite-des-etres-humains.htm,8 février
 Journée internationale des légumineuses,https://www.journee-mondiale.com/628/journee-internationale-des-legumineuses.htm,10 février
 Journée mondiale des malades,https://www.journee-mondiale.com/19/journee-mondiale-des-malades.htm,11 février
 Journée européenne du 112,https://www.journee-mondiale.com/318/journee-europeenne-du-112.htm,11 février
 Journée internationale des femmes et des filles de science,https://www.journee-mondiale.com/557/journee-internationale-des-femmes-et-des-filles-de-science.htm,11 février
 Journée Internationale des enfants soldats,https://www.journee-mondiale.com/25/journee-internationale-des-enfants-soldats.htm,12 février
 Journée internationale Darwin,https://www.journee-mondiale.com/536/journee-internationale-darwin.htm,12 février
 Journée mondiale de la radio,https://www.journee-mondiale.com/301/journee-mondiale-de-la-radio.htm,13 février
 Journée internationale de sensibilisation aux cardiopathies congénitales,https://www.journee-mondiale.com/245/journee-internationale-de-sensibilisation-aux-cardiopathies-congenitales.htm,14 février
 Journée internationale de l'épilepsie,https://www.journee-mondiale.com/73/journee-internationale-de-l-epilepsie.htm,14 février
 Journée internationale du cancer de l’enfant,https://www.journee-mondiale.com/483/journee-internationale-du-cancer-de-l-enfant.htm,15 février
 Journée internationale du Syndrome d'Angelman,https://www.journee-mondiale.com/313/journee-internationale-du-syndrome-d-angelman.htm,15 février
 Journée mondiale d'action en faveur du droit de grève,https://www.journee-mondiale.com/426/journee-mondiale-d-action-en-faveur-du-droit-de-greve.htm,18 février
 Journée internationale de la baleine,https://www.journee-mondiale.com/396/journee-internationale-de-la-baleine.htm,19 février
 Journée mondiale du pangolin,https://www.journee-mondiale.com/516/journee-mondiale-du-pangolin.htm,19 février
 Journée mondiale de la justice sociale,https://www.journee-mondiale.com/315/journee-mondiale-de-la-justice-sociale.htm,20 février
 Journée mondiale pour sauver les ours,https://www.journee-mondiale.com/567/journee-mondiale-pour-sauver-les-ours.htm,21 février
 Journée Internationale de la langue maternelle,https://www.journee-mondiale.com/101/journee-internationale-de-la-langue-maternelle.htm,21 février
 Journée Internationale du patrimoine canadien,https://www.journee-mondiale.com/60/journee-internationale-du-patrimoine-canadien.htm,21 février
 Journée internationale des guides touristiques,https://www.journee-mondiale.com/422/journee-internationale-des-guides-touristiques.htm,21 février
 Journée Mondiale du Scoutisme,https://www.journee-mondiale.com/113/journee-mondiale-du-scoutisme.htm,22 février
 Journée Mondiale d'action contre l'ordonnance sur les brevets en Inde,https://www.journee-mondiale.com/136/journee-mondiale-d-action-contre-l-ordonnance-sur-les-brevets-en-inde.htm,26 février
 journée mondiale de l'anosmie,https://www.journee-mondiale.com/600/journee-mondiale-de-l-anosmie.htm,27 février
 Journée internationale de l'ours polaire,https://www.journee-mondiale.com/476/journee-internationale-de-l-ours-polaire.htm,27 février
 Journée mondiale des ONG,https://www.journee-mondiale.com/537/journee-mondiale-des-ong.htm,27 février
 Journée mondiale sans Facebook,https://www.journee-mondiale.com/221/journee-mondiale-sans-facebook.htm,28 février
 Journée internationale des maladies rares,https://www.journee-mondiale.com/151/journee-internationale-des-maladies-rares.htm,28 février
 Journée mondiale du compliment,https://www.journee-mondiale.com/319/journee-mondiale-du-compliment.htm,1 mars
 Journée mondiale de la protection civile,https://www.journee-mondiale.com/403/journee-mondiale-de-la-protection-civile.htm,1 mars
 Journée mondiale de la vie sauvage,https://www.journee-mondiale.com/371/journee-mondiale-de-la-vie-sauvage.htm,3 mars
 Journée mondiale de prière,https://www.journee-mondiale.com/92/journee-mondiale-de-priere.htm,4 mars
 La journée jaune,https://www.journee-mondiale.com/498/la-journee-jaune.htm,4 mars
 Journée mondiale de l'obésité,https://www.journee-mondiale.com/341/journee-mondiale-de-l-obesite.htm,4 mars
 Journée mondiale de l'ingénierie pour le développement durable,https://www.journee-mondiale.com/672/journee-mondiale-de-l-ingenierie-pour-le-developpement-durable.htm,4 mars
 Journée mondiale de lutte contre l'exploitation sexuelle,https://www.journee-mondiale.com/167/journee-mondiale-de-lutte-contre-l-exploitation-sexuelle.htm,4 mars
 Jour de l'impro,https://www.journee-mondiale.com/429/jour-de-l-impro.htm,5 mars
 Journée Internationale de la radio et de la télévision en faveur des enfants,https://www.journee-mondiale.com/188/journee-internationale-de-la-radio-et-de-la-television-en-faveur-des-enfants.htm,6 mars
 Journée Mondiale du Lymphœdème,https://www.journee-mondiale.com/683/journee-mondiale-du-lymphdeme.htm,6 mars
 Semaine des mathématiques,https://www.journee-mondiale.com/577/semaine-des-mathematiques.htm,7 mars
 Journée internationale des femmes,https://www.journee-mondiale.com/192/journee-internationale-des-femmes.htm,8 mars
 on en profite pour vous dire merci mesdames*,https://www.journee-mondiale.com/635/on-en-profite-pour-vous-dire-merci-mesdames.htm,9 mars
 Journée Mondiale du rein,https://www.journee-mondiale.com/257/journee-mondiale-du-rein.htm,10 mars
 Journée nationale de l'audition,https://www.journee-mondiale.com/29/journee-nationale-de-l-audition.htm,10 mars
 Journée mondiale de la plomberie,https://www.journee-mondiale.com/546/journee-mondiale-de-la-plomberie.htm,11 mars
 La journée mondiale du pyjama,https://www.journee-mondiale.com/691/la-journee-mondiale-du-pyjama.htm,11 mars
 Journée internationale des startups,https://www.journee-mondiale.com/507/journee-internationale-des-startups.htm,11 mars
 Journée mondiale contre la censure sur internet,https://www.journee-mondiale.com/219/journee-mondiale-contre-la-censure-sur-internet.htm,12 mars
 Semaine nationale de lutte contre le cancer,https://www.journee-mondiale.com/62/semaine-nationale-de-lutte-contre-le-cancer.htm,14 mars
 Semaine internationale de la courtoisie au volant,https://www.journee-mondiale.com/140/semaine-internationale-de-la-courtoisie-au-volant.htm,14 mars
 Journée internationale d'action pour les rivières,https://www.journee-mondiale.com/447/journee-internationale-d-action-pour-les-rivieres.htm,14 mars
 Journée mondiale du Pi et Journée internationale des mathématiques,https://www.journee-mondiale.com/375/journee-mondiale-du-pi-et-journee-internationale-des-mathematiques.htm,14 mars
 Journée mondiale du travail social,https://www.journee-mondiale.com/428/journee-mondiale-du-travail-social.htm,15 mars
 Journée Internationale des droits des consommateurs,https://www.journee-mondiale.com/51/journee-internationale-des-droits-des-consommateurs.htm,15 mars
 Journée mondiale du recyclage,https://www.journee-mondiale.com/310/journee-mondiale-du-recyclage.htm,18 mars
 Journée nationale du sommeil,https://www.journee-mondiale.com/79/journee-nationale-du-sommeil.htm,18 mars
 Cyber World Clean'Up day,https://www.journee-mondiale.com/636/cyber-world-clean-up-day.htm,19 mars
 Journée mondiale de la Schizophrénie,https://www.journee-mondiale.com/506/journee-mondiale-de-la-schizophrenie.htm,19 mars
 Journée international du canari,https://www.journee-mondiale.com/604/journee-international-du-canari.htm,19 mars
 Journée Mondiale de la santé bucco-dentaire,https://www.journee-mondiale.com/83/journee-mondiale-de-la-sante-bucco-dentaire.htm,20 mars
 Journée  Mondiale du Conte,https://www.journee-mondiale.com/95/journee--mondiale-du-conte.htm,20 mars
 Journée(s) internationale(s) du livre voyageur,https://www.journee-mondiale.com/425/journees-internationales-du-livre-voyageur.htm,20 mars
 Journée internationale sans viande,https://www.journee-mondiale.com/205/journee-internationale-sans-viande.htm,20 mars
 Journée mondiale du bonheur,https://www.journee-mondiale.com/306/journee-mondiale-du-bonheur.htm,20 mars
 Journée internationale de lutte contre les violences policières,https://www.journee-mondiale.com/258/journee-internationale-de-lutte-contre-les-violences-policieres.htm,20 mars
 Journée mondiale du moineau,https://www.journee-mondiale.com/373/journee-mondiale-du-moineau.htm,20 mars
 Semaine internationale pour les alternatives aux pesticides,https://www.journee-mondiale.com/296/semaine-internationale-pour-les-alternatives-aux-pesticides.htm,20 mars
 Journée internationale du macaron,https://www.journee-mondiale.com/399/journee-internationale-du-macaron.htm,20 mars
 Journée Internationale de la francophonie,https://www.journee-mondiale.com/96/journee-internationale-de-la-francophonie.htm,20 mars
 Journée mondiale du rangement de bureaux,https://www.journee-mondiale.com/338/journee-mondiale-du-rangement-de-bureaux.htm,21 mars
 Journée européenne de la musique ancienne,https://www.journee-mondiale.com/327/journee-europeenne-de-la-musique-ancienne.htm,21 mars
 Journée internationale de Nowruz,https://www.journee-mondiale.com/558/journee-internationale-de-nowruz.htm,21 mars
 Journée Mondiale de la Poésie,https://www.journee-mondiale.com/105/journee-mondiale-de-la-poesie.htm,21 mars
 Journée mondiale de la marionnette,https://www.journee-mondiale.com/326/journee-mondiale-de-la-marionnette.htm,21 mars
 Journée Internationale pour l'élimination de la discrimination raciale,https://www.journee-mondiale.com/103/journee-internationale-pour-l-elimination-de-la-discrimination-raciale.htm,21 mars
 Journée Internationale des forêts,https://www.journee-mondiale.com/104/journee-internationale-des-forets.htm,21 mars
 Journée Mondiale de la Trisomie 21,https://www.journee-mondiale.com/106/journee-mondiale-de-la-trisomie-21.htm,21 mars
 Journée Mondiale de l'eau,https://www.journee-mondiale.com/116/journee-mondiale-de-l-eau.htm,22 mars
 Journée mondiale des doulas,https://www.journee-mondiale.com/681/journee-mondiale-des-doulas.htm,22 mars
 Journée Mondiale de la Météorologie,https://www.journee-mondiale.com/121/journee-mondiale-de-la-meteorologie.htm,23 mars
 Journée Mondiale de lutte contre la tuberculose,https://www.journee-mondiale.com/124/journee-mondiale-de-lutte-contre-la-tuberculose.htm,24 mars
 Journée internationale pour le droit à la vérité,https://www.journee-mondiale.com/514/journee-internationale-pour-le-droit-a-la-verite.htm,24 mars
 Journée Européenne de la glace artisanale,https://www.journee-mondiale.com/320/journee-europeenne-de-la-glace-artisanale.htm,24 mars
 Journée mondiale pour la fin de la pêche,https://www.journee-mondiale.com/519/journee-mondiale-pour-la-fin-de-la-peche.htm,24 mars
 Journée mondiale contre la publicité,https://www.journee-mondiale.com/510/journee-mondiale-contre-la-publicite.htm,25 mars
 Journée Européenne de l'enfant à naître,https://www.journee-mondiale.com/130/journee-europeenne-de-l-enfant-a-naitre.htm,25 mars
 Journée de la procrastination,https://www.journee-mondiale.com/223/journee-de-la-procrastination.htm,25 mars
 Grève mondiale pour le climat,https://www.journee-mondiale.com/550/greve-mondiale-pour-le-climat.htm,25 mars
 Tolkien reading day,https://www.journee-mondiale.com/479/tolkien-reading-day.htm,25 mars
 Journée mondiale contre l'endométriose,https://www.journee-mondiale.com/370/journee-mondiale-contre-l-endometriose.htm,26 mars
 Journée nationale du fromage,https://www.journee-mondiale.com/147/journee-nationale-du-fromage.htm,27 mars
 Journée Mondiale du théâtre,https://www.journee-mondiale.com/144/journee-mondiale-du-theatre.htm,27 mars
 Journée mondiale du Big Bang,https://www.journee-mondiale.com/692/journee-mondiale-du-big-bang.htm,28 mars
 Journée Mondiale des troubles bipolaires,https://www.journee-mondiale.com/430/journee-mondiale-des-troubles-bipolaires.htm,30 mars
 Journée Internationale de la Visibilité Trans,https://www.journee-mondiale.com/376/journee-internationale-de-la-visibilite-trans.htm,31 mars
 Journée mondiale de la sauvegarde des données informatiques,https://www.journee-mondiale.com/482/journee-mondiale-de-la-sauvegarde-des-donnees-informatiques.htm,31 mars
 Journée internationale de la blague,https://www.journee-mondiale.com/423/journee-internationale-de-la-blague.htm,1 avril
 Journée mondiale de sensibilisation à l'autisme,https://www.journee-mondiale.com/88/journee-mondiale-de-sensibilisation-a-l-autisme.htm,2 avril
 Journée internaionale du livre pour enfants,https://www.journee-mondiale.com/492/journee-internaionale-du-livre-pour-enfants.htm,2 avril
 Journée mondiale de batailles d'oreillers,https://www.journee-mondiale.com/469/journee-mondiale-de-batailles-d-oreillers.htm,2 avril
 Journée internationale de la sensibilisation au problème des mines et de l'assistance à la lutte antimines,https://www.journee-mondiale.com/366/journee-internationale-de-la-sensibilisation-au-probleme-des-mines-et-de-l-assistance-a-la-lutte-antimines.htm,4 avril
 Journée Nationale du Syndrome du bébé secoué,https://www.journee-mondiale.com/663/journee-nationale-du-syndrome-du-bebe-secoue.htm,5 avril
 Journée internationale de la conscience,https://www.journee-mondiale.com/638/journee-internationale-de-la-conscience.htm,5 avril
 Journée mondiale du travail invisible,https://www.journee-mondiale.com/379/journee-mondiale-du-travail-invisible.htm,5 avril
 Journée mondiale du sport pour le développement et la paix,https://www.journee-mondiale.com/383/journee-mondiale-du-sport-pour-le-developpement-et-la-paix.htm,6 avril
 Journée Internationale de réflexion sur le génocide de 1994 au Rwanda,https://www.journee-mondiale.com/179/journee-internationale-de-reflexion-sur-le-genocide-de-1994-au-rwanda.htm,7 avril
 Journée Mondiale de la santé,https://www.journee-mondiale.com/180/journee-mondiale-de-la-sante.htm,7 avril
 Journée nationale des ambulanciers,https://www.journee-mondiale.com/572/journee-nationale-des-ambulanciers.htm,8 avril
 Journée internationale des Roms,https://www.journee-mondiale.com/186/journee-internationale-des-roms.htm,8 avril
 Journée mondiale de la licorne,https://www.journee-mondiale.com/603/journee-mondiale-de-la-licorne.htm,9 avril
 Journée internationale des frères et sœurs,https://www.journee-mondiale.com/614/journee-internationale-des-freres-et-surs.htm,10 avril
 Journée Mondiale de la maladie de Parkinson,https://www.journee-mondiale.com/185/journee-mondiale-de-la-maladie-de-parkinson.htm,11 avril
 Journée internationale du vol spatial habité,https://www.journee-mondiale.com/480/journee-internationale-du-vol-spatial-habite.htm,12 avril
 Journée des enfants des rues,https://www.journee-mondiale.com/214/journee-des-enfants-des-rues.htm,12 avril
 Journée mondiale du scrabble,https://www.journee-mondiale.com/640/journee-mondiale-du-scrabble.htm,13 avril
 Journée mondiale de la maladie de Chagas,https://www.journee-mondiale.com/639/journee-mondiale-de-la-maladie-de-chagas.htm,14 avril
 Journées internationales de la Gastronomie,https://www.journee-mondiale.com/539/journees-internationales-de-la-gastronomie.htm,14 avril
 Journée Mondiale de l'Art,https://www.journee-mondiale.com/308/journee-mondiale-de-l-art.htm,15 avril
 Journée Mondiale contre l'esclavage des enfants,https://www.journee-mondiale.com/331/journee-mondiale-contre-l-esclavage-des-enfants.htm,16 avril
 Journée mondiale de la voix,https://www.journee-mondiale.com/263/journee-mondiale-de-la-voix.htm,16 avril
 Journée Mondiale des luttes paysannes,https://www.journee-mondiale.com/69/journee-mondiale-des-luttes-paysannes.htm,17 avril
 Journées nationales des numismates,https://www.journee-mondiale.com/690/journees-nationales-des-numismates.htm,17 avril
 Journée Mondiale de l'hémophilie,https://www.journee-mondiale.com/68/journee-mondiale-de-l-hemophilie.htm,17 avril
 Journée mondiale des radio amateurs,https://www.journee-mondiale.com/411/journee-mondiale-des-radio-amateurs.htm,18 avril
 Journée internationale des monuments et des sites,https://www.journee-mondiale.com/269/journee-internationale-des-monuments-et-des-sites.htm,18 avril
 Journée Mondiale du cirque,https://www.journee-mondiale.com/381/journee-mondiale-du-cirque.htm,19 avril
 Journée internationale de la langue chinoise,https://www.journee-mondiale.com/642/journee-internationale-de-la-langue-chinoise.htm,20 avril
 Journée mondiale de la créativité et de l’innovation,https://www.journee-mondiale.com/641/journee-mondiale-de-la-creativite-et-de-l-innovation.htm,21 avril
 Journée Mondiale des adjoint(e)s administratifs (-ves) et secrétaires,https://www.journee-mondiale.com/111/journee-mondiale-des-adjointes-administratifs--ves-et-secretaires.htm,21 avril
 Semaine mondiale des Déficits Immunitaires Primitifs,https://www.journee-mondiale.com/372/semaine-mondiale-des-deficits-immunitaires-primitifs.htm,22 avril
 Journée Mondiale de la Terre,https://www.journee-mondiale.com/112/journee-mondiale-de-la-terre.htm,22 avril
 Journée Mondiale du livre et du droit d'auteur,https://www.journee-mondiale.com/120/journee-mondiale-du-livre-et-du-droit-d-auteur.htm,23 avril
 Journée Mondiale des animaux dans les laboratoires,https://www.journee-mondiale.com/328/journee-mondiale-des-animaux-dans-les-laboratoires.htm,24 avril
 Journée nationale des véhicules d'époque,https://www.journee-mondiale.com/573/journee-nationale-des-vehicules-d-epoque.htm,24 avril
 Journée Mondiale de la photographie au Sténopé,https://www.journee-mondiale.com/135/journee-mondiale-de-la-photographie-au-stenope.htm,24 avril
 Fashion Revolution Day,https://www.journee-mondiale.com/384/fashion-revolution-day.htm,24 avril
 Journée mondiale de la lutte contre les méningites,https://www.journee-mondiale.com/646/journee-mondiale-de-la-lutte-contre-les-meningites.htm,24 avril
 Journée Mondiale pour la sauvegarde du lien parental,https://www.journee-mondiale.com/216/journee-mondiale-pour-la-sauvegarde-du-lien-parental.htm,25 avril
 Journée Mondiale des Manchots,https://www.journee-mondiale.com/518/journee-mondiale-des-manchots.htm,25 avril
 Journée Mondiale du paludisme,https://www.journee-mondiale.com/126/journee-mondiale-du-paludisme.htm,25 avril
 Journée Mondiale de la propriété intellectuelle,https://www.journee-mondiale.com/134/journee-mondiale-de-la-propriete-intellectuelle.htm,26 avril
 La Journée internationale des chiens-guides,https://www.journee-mondiale.com/644/la-journee-internationale-des-chiens-guides.htm,27 avril
 Journée Mondiale sur la sécurité et la santé au travail,https://www.journee-mondiale.com/145/journee-mondiale-sur-la-securite-et-la-sante-au-travail.htm,28 avril
 Journée Internationale de la danse,https://www.journee-mondiale.com/149/journee-internationale-de-la-danse.htm,29 avril
 Journée Mondiale des Mobilités et de l'Accessibilité,https://www.journee-mondiale.com/266/journee-mondiale-des-mobilites-et-de-l-accessibilite.htm,30 avril
 Journée Internationale du Jazz,https://www.journee-mondiale.com/316/journee-internationale-du-jazz.htm,30 avril
 Journée de la non-violence éducative,https://www.journee-mondiale.com/377/journee-de-la-non-violence-educative.htm,30 avril
 Journée Mondiale du rire,https://www.journee-mondiale.com/159/journee-mondiale-du-rire.htm,1 mai
 Journée mondiale du travail,https://www.journee-mondiale.com/2/journee-mondiale-du-travail.htm,1 mai
 Journée Internationale des Mères endeuillées,https://www.journee-mondiale.com/500/journee-internationale-des-meres-endeuillees.htm,1 mai
 Journée mondiale du thon,https://www.journee-mondiale.com/693/journee-mondiale-du-thon.htm,2 mai
 Journée du soleil,https://www.journee-mondiale.com/50/journee-du-soleil.htm,3 mai
 Journée Mondiale de l'asthme,https://www.journee-mondiale.com/171/journee-mondiale-de-l-asthme.htm,3 mai
 Journée Mondiale de la liberté de la presse,https://www.journee-mondiale.com/160/journee-mondiale-de-la-liberte-de-la-presse.htm,3 mai
 Journée Star wars,https://www.journee-mondiale.com/325/journee-star-wars.htm,4 mai
 Journée internationale des pompiers,https://www.journee-mondiale.com/427/journee-internationale-des-pompiers.htm,4 mai
 Journée mondiale de l'hygiène des mains,https://www.journee-mondiale.com/606/journee-mondiale-de-l-hygiene-des-mains.htm,5 mai
 Journée Mondiale de la Sage-Femme,https://www.journee-mondiale.com/49/journee-mondiale-de-la-sage-femme.htm,5 mai
 Journée mondiale de la langue portugaise,https://www.journee-mondiale.com/673/journee-mondiale-de-la-langue-portugaise.htm,5 mai
 Journée du Patrimoine mondial Africain,https://www.journee-mondiale.com/559/journee-du-patrimoine-mondial-africain.htm,5 mai
 Journée Mondiale du coloriage,https://www.journee-mondiale.com/337/journee-mondiale-du-coloriage.htm,6 mai
 Journée internationale sans régime,https://www.journee-mondiale.com/336/journee-internationale-sans-regime.htm,6 mai
 journée mondiale du mot de passe,https://www.journee-mondiale.com/648/journee-mondiale-du-mot-de-passe.htm,6 mai
 Journée mondiale du jardinage nu,https://www.journee-mondiale.com/538/journee-mondiale-du-jardinage-nu.htm,7 mai
 Journée Mondiale des orphelins du SIDA,https://www.journee-mondiale.com/182/journee-mondiale-des-orphelins-du-sida.htm,7 mai
 Journée mondiale du scrapbooking,https://www.journee-mondiale.com/431/journee-mondiale-du-scrapbooking.htm,7 mai
 Journée internationale des drones,https://www.journee-mondiale.com/413/journee-internationale-des-drones.htm,7 mai
 Journée Mondiale de prière pour les Vocations,https://www.journee-mondiale.com/150/journee-mondiale-de-priere-pour-les-vocations.htm,8 mai
 Journée Mondiale de La Croix Rouge,https://www.journee-mondiale.com/191/journee-mondiale-de-la-croix-rouge.htm,8 mai
 Journées du souvenir et de la réconciliation en l'honneur des morts de la Seconde Guerre mondiale,https://www.journee-mondiale.com/481/journees-du-souvenir-et-de-la-reconciliation-en-l-honneur-des-morts-de-la-seconde-guerre-mondiale.htm,9 mai
 Journée de l'Europe,https://www.journee-mondiale.com/199/journee-de-l-europe.htm,9 mai
 Journée mondiale du lupus,https://www.journee-mondiale.com/220/journee-mondiale-du-lupus.htm,10 mai
 Journée commémorative de l'abolition de l'esclavage en France métropolitaine,https://www.journee-mondiale.com/11/journee-commemorative-de-l-abolition-de-l-esclavage-en-france-metropolitaine.htm,10 mai
 Journée mondiale des éspèces menacées,https://www.journee-mondiale.com/484/journee-mondiale-des-especes-menacees.htm,11 mai
 Journée internationale des femmes en mathématiques,https://www.journee-mondiale.com/679/journee-internationale-des-femmes-en-mathematiques.htm,12 mai
 Journée Internationale de l'infirmière,https://www.journee-mondiale.com/28/journee-internationale-de-l-infirmiere.htm,12 mai
 Journée Mondiale de la fibromyalgie,https://www.journee-mondiale.com/27/journee-mondiale-de-la-fibromyalgie.htm,12 mai
 Journée mondiale de l'Encéphalomyélite Myalgique,https://www.journee-mondiale.com/660/journee-mondiale-de-l-encephalomyelite-myalgique.htm,12 mai
 Journée mondiale de la maladie cœliaque,https://www.journee-mondiale.com/77/journee-mondiale-de-la-maladie-cliaque.htm,13 mai
 Journée mondiale de l'ingénierie pour l'avenir,https://www.journee-mondiale.com/208/journee-mondiale-de-l-ingenierie-pour-l-avenir.htm,13 mai
 Journée mondiale du commerce équitable,https://www.journee-mondiale.com/198/journee-mondiale-du-commerce-equitable.htm,14 mai
 Jour de l'orgue,https://www.journee-mondiale.com/329/jour-de-l-orgue.htm,15 mai
 Journée Internationale des familles,https://www.journee-mondiale.com/48/journee-internationale-des-familles.htm,15 mai
 Journée internationale de la lumière,https://www.journee-mondiale.com/560/journee-internationale-de-la-lumiere.htm,16 mai
 Journée internationale du vivre ensemble,https://www.journee-mondiale.com/521/journee-internationale-du-vivre-ensemble.htm,16 mai
 Journée Mondiale contre l'hypertension,https://www.journee-mondiale.com/41/journee-mondiale-contre-l-hypertension.htm,17 mai
 Journée internationale contre l'homophobie,https://www.journee-mondiale.com/71/journee-internationale-contre-l-homophobie.htm,17 mai
 Journée Mondiale des Télécommunications,https://www.journee-mondiale.com/72/journee-mondiale-des-telecommunications.htm,17 mai
 Journée Internationale des musées,https://www.journee-mondiale.com/78/journee-internationale-des-musees.htm,18 mai
 Journée mondiale des MICI,https://www.journee-mondiale.com/347/journee-mondiale-des-mici.htm,19 mai
 Journée mondiale de la métrologie,https://www.journee-mondiale.com/505/journee-mondiale-de-la-metrologie.htm,20 mai
 Journée européenne de la mer,https://www.journee-mondiale.com/417/journee-europeenne-de-la-mer.htm,20 mai
 Journée mondiale des abeilles,https://www.journee-mondiale.com/554/journee-mondiale-des-abeilles.htm,20 mai
 Journée Mondiale de la diversité culturelle pour le dialogue et le développement,https://www.journee-mondiale.com/102/journee-mondiale-de-la-diversite-culturelle-pour-le-dialogue-et-le-developpement.htm,21 mai
 Journée mondiale des poissons migrateurs,https://www.journee-mondiale.com/478/journee-mondiale-des-poissons-migrateurs.htm,21 mai
 Journée internationale du thé,https://www.journee-mondiale.com/465/journee-internationale-du-the.htm,21 mai
 Journée Mondiale de la biodiversité,https://www.journee-mondiale.com/115/journee-mondiale-de-la-biodiversite.htm,22 mai
 Journée (nationale) du marin,https://www.journee-mondiale.com/334/journee-nationale-du-marin.htm,23 mai
 Journée mondiale de la tortue,https://www.journee-mondiale.com/568/journee-mondiale-de-la-tortue.htm,23 mai
 Journée mondiale du bricolage,https://www.journee-mondiale.com/389/journee-mondiale-du-bricolage.htm,24 mai
 Journée Mondiale de l'Afrique,https://www.journee-mondiale.com/128/journee-mondiale-de-l-afrique.htm,25 mai
 Journée mondiale de la thyroïde,https://www.journee-mondiale.com/378/journee-mondiale-de-la-thyroide.htm,25 mai
 Journée Mondiale des enfants disparus,https://www.journee-mondiale.com/129/journee-mondiale-des-enfants-disparus.htm,25 mai
 Journée mondiale de la serviette,https://www.journee-mondiale.com/323/journee-mondiale-de-la-serviette.htm,25 mai
 Journée internationale des Geek,https://www.journee-mondiale.com/354/journee-internationale-des-geek.htm,25 mai
 Journée nationale de la résistance,https://www.journee-mondiale.com/343/journee-nationale-de-la-resistance.htm,27 mai
 Journée mondiale de l'hygiène menstruelle,https://www.journee-mondiale.com/515/journee-mondiale-de-l-hygiene-menstruelle.htm,28 mai
 Journée Internationale d'action pour la santé des femmes,https://www.journee-mondiale.com/146/journee-internationale-d-action-pour-la-sante-des-femmes.htm,28 mai
 Fête mondiale du jeu,https://www.journee-mondiale.com/256/fete-mondiale-du-jeu.htm,28 mai
 Journée mondiale des communications sociales,https://www.journee-mondiale.com/123/journee-mondiale-des-communications-sociales.htm,29 mai
 Journée Internationale des casques bleus,https://www.journee-mondiale.com/152/journee-internationale-des-casques-bleus.htm,29 mai
 Journée mondiale pour le droit aux origines,https://www.journee-mondiale.com/432/journee-mondiale-pour-le-droit-aux-origines.htm,30 mai
 Journée mondiale de la sclérose en plaques,https://www.journee-mondiale.com/222/journee-mondiale-de-la-sclerose-en-plaques.htm,30 mai
 Journée Mondiale sans tabac,https://www.journee-mondiale.com/164/journee-mondiale-sans-tabac.htm,31 mai
 Journée mondiale du bandeau blanc contre la pauvreté,https://www.journee-mondiale.com/6/journee-mondiale-du-bandeau-blanc-contre-la-pauvrete.htm,1 juillet
 Journée mondiale du reggae,https://www.journee-mondiale.com/391/journee-mondiale-du-reggae.htm,1 juillet
 Journée mondiale des OVNI,https://www.journee-mondiale.com/436/journee-mondiale-des-ovni.htm,2 juillet
 Journée mondiale sans sacs plastique,https://www.journee-mondiale.com/392/journee-mondiale-sans-sacs-plastique.htm,3 juillet
 Journée mondiale du naturisme,https://www.journee-mondiale.com/307/journee-mondiale-du-naturisme.htm,4 juillet
 Journée internationale des coopératives,https://www.journee-mondiale.com/176/journee-internationale-des-cooperatives.htm,4 juillet
 Journée Internationale du baiser,https://www.journee-mondiale.com/330/journee-internationale-du-baiser.htm,6 juillet
 National Video Game Day,https://www.journee-mondiale.com/649/national-video-game-day.htm,8 juillet
 Journée de la destruction des armes légères,https://www.journee-mondiale.com/197/journee-de-la-destruction-des-armes-legeres.htm,9 juillet
" Journée mondiale des ""femmes sans voiles""",https://www.journee-mondiale.com/485/journee-mondiale-des--femmes-sans-voiles-.htm,10 juillet
 Journée Mondiale de la population,https://www.journee-mondiale.com/20/journee-mondiale-de-la-population.htm,11 juillet
 Journée Mondiale de l'Orque,https://www.journee-mondiale.com/661/journee-mondiale-de-l-orque.htm,14 juillet
 Journée mondiale des compétences des jeunes,https://www.journee-mondiale.com/650/journee-mondiale-des-competences-des-jeunes.htm,15 juillet
 Journée mondiale des serpents,https://www.journee-mondiale.com/531/journee-mondiale-des-serpents.htm,16 juillet
 Disquaire day,https://www.journee-mondiale.com/382/disquaire-day.htm,17 juillet
 Journée mondiale des émojis,https://www.journee-mondiale.com/530/journee-mondiale-des-emojis.htm,17 juillet
 Journée mondiale de la justice internationale,https://www.journee-mondiale.com/404/journee-mondiale-de-la-justice-internationale.htm,17 juillet
 Journée internationale Nelson Mandela,https://www.journee-mondiale.com/345/journee-internationale-nelson-mandela.htm,18 juillet
 Journée Internationale des châteaux,https://www.journee-mondiale.com/524/journee-internationale-des-chateaux.htm,19 juillet
 Journée mondiale de la poutine,https://www.journee-mondiale.com/653/journee-mondiale-de-la-poutine.htm,20 juillet
 Journée mondiale du jeu d'échecs,https://www.journee-mondiale.com/612/journee-mondiale-du-jeu-d-echecs.htm,20 juillet
 Journée mondiale de la malbouffe,https://www.journee-mondiale.com/472/journee-mondiale-de-la-malbouffe.htm,21 juillet
 Journée mondiale des dauphins,https://www.journee-mondiale.com/566/journee-mondiale-des-dauphins.htm,23 juillet
 Journée nationale* de la tequila,https://www.journee-mondiale.com/686/journee-nationale-de-la-tequila.htm,24 juillet
 journée internationale des cousins et cousines,https://www.journee-mondiale.com/647/journee-internationale-des-cousins-et-cousines.htm,24 juillet
 Journée mondiale des grands-parents et des personnes âgées,https://www.journee-mondiale.com/657/journee-mondiale-des-grands-parents-et-des-personnes-agees.htm,25 juillet
 Journées mondiales de la jeunesse,https://www.journee-mondiale.com/344/journees-mondiales-de-la-jeunesse.htm,26 juillet
 journée internationale pour la  conservation  de l’écosystème  des  mangroves,https://www.journee-mondiale.com/486/journee-internationale-pour-la--conservation--de-l-ecosysteme--des--mangroves.htm,26 juillet
 Journée internationale du fonio,https://www.journee-mondiale.com/348/journee-internationale-du-fonio.htm,27 juillet
 Journée mondiale contre l'hépatite,https://www.journee-mondiale.com/3/journee-mondiale-contre-l-hepatite.htm,28 juillet
 Journée nationale du rouge à lèvres,https://www.journee-mondiale.com/569/journee-nationale-du-rouge-a-levres.htm,29 juillet
 Journée internationale du tigre,https://www.journee-mondiale.com/448/journee-internationale-du-tigre.htm,29 juillet
 Journée mondiale de la dignité des victimes de la traite d’êtres humains,https://www.journee-mondiale.com/395/journee-mondiale-de-la-dignite-des-victimes-de-la-traite-d-etres-humains.htm,30 juillet
 Journée internationale de l'amitié,https://www.journee-mondiale.com/262/journee-internationale-de-l-amitie.htm,30 juillet
 Journée internationale de la femme africaine,https://www.journee-mondiale.com/442/journee-internationale-de-la-femme-africaine.htm,31 juillet
 Journée Mondiale des administrateurs système,https://www.journee-mondiale.com/297/journee-mondiale-des-administrateurs-systeme.htm,31 juillet
 Journée internationale de la frite belge,https://www.journee-mondiale.com/438/journee-internationale-de-la-frite-belge.htm,1 août
 Semaine Mondiale de l'allaitement maternel,https://www.journee-mondiale.com/7/semaine-mondiale-de-l-allaitement-maternel.htm,1 août
 Journée Mondiale du Capoeiriste,https://www.journee-mondiale.com/332/journee-mondiale-du-capoeiriste.htm,3 août
 Journée mondiale de la bière,https://www.journee-mondiale.com/386/journee-mondiale-de-la-biere.htm,6 août
 Journée internationale du chat,https://www.journee-mondiale.com/349/journee-internationale-du-chat.htm,8 août
 Journée Internationale des Populations autochtones,https://www.journee-mondiale.com/194/journee-internationale-des-populations-autochtones.htm,9 août
 Journée mondiale du lion,https://www.journee-mondiale.com/528/journee-mondiale-du-lion.htm,10 août
 Journée mondiale du Steel Pan,https://www.journee-mondiale.com/615/journee-mondiale-du-steel-pan.htm,11 août
 Journée mondiale des éléphants,https://www.journee-mondiale.com/464/journee-mondiale-des-elephants.htm,12 août
 Journée Internationale de la jeunesse,https://www.journee-mondiale.com/24/journee-internationale-de-la-jeunesse.htm,12 août
 Journée internationale des gauchers,https://www.journee-mondiale.com/31/journee-internationale-des-gauchers.htm,13 août
 Journée mondiale du cerf-volant,https://www.journee-mondiale.com/397/journee-mondiale-du-cerf-volant.htm,16 août
 Journée internationale du chat noir,https://www.journee-mondiale.com/477/journee-internationale-du-chat-noir.htm,17 août
 Journée mondiale de la photographie,https://www.journee-mondiale.com/360/journee-mondiale-de-la-photographie.htm,19 août
 Journée mondiale de l'aide humanitaire,https://www.journee-mondiale.com/246/journee-mondiale-de-l-aide-humanitaire.htm,19 août
 Journée mondiale du moustique,https://www.journee-mondiale.com/622/journee-mondiale-du-moustique.htm,20 août
 Journée internationale du géocaching,https://www.journee-mondiale.com/525/journee-internationale-du-geocaching.htm,21 août
 Journée Internationale du souvenir en hommage aux victimes du terrorisme,https://www.journee-mondiale.com/529/journee-internationale-du-souvenir-en-hommage-aux-victimes-du-terrorisme.htm,21 août
 Journée mondiale Topless,https://www.journee-mondiale.com/437/journee-mondiale-topless.htm,22 août
 Journée internationale de commémoration des personnes victimes  de violences en raison de leur religion ou convictions,https://www.journee-mondiale.com/576/journee-internationale-de-commemoration-des-personnes-victimes--de-violences-en-raison-de-leur-religion-ou-convictions.htm,22 août
 Journée Internationale du souvenir de la traite negrière et de son abolition,https://www.journee-mondiale.com/119/journee-internationale-du-souvenir-de-la-traite-negriere-et-de-son-abolition.htm,23 août
 Journée mondiale pour la fin du spécisme,https://www.journee-mondiale.com/495/journee-mondiale-pour-la-fin-du-specisme.htm,26 août
 Journée mondiale du chien,https://www.journee-mondiale.com/401/journee-mondiale-du-chien.htm,26 août
 Nuit internationale de la chauve-souris,https://www.journee-mondiale.com/350/nuit-internationale-de-la-chauve-souris.htm,28 août
 Journée du noeud papillon,https://www.journee-mondiale.com/617/journee-du-noeud-papillon.htm,28 août
 Journée Internationale contre les essais nucléaires,https://www.journee-mondiale.com/352/journee-internationale-contre-les-essais-nucleaires.htm,29 août
 Journée Internationale des personnes disparues,https://www.journee-mondiale.com/161/journee-internationale-des-personnes-disparues.htm,30 août
 Journée internationale de prévention des overdoses,https://www.journee-mondiale.com/398/journee-internationale-de-prevention-des-overdoses.htm,31 août
 Journée mondiale du blog,https://www.journee-mondiale.com/163/journee-mondiale-du-blog.htm,31 août
 Journée mondiale de prière pour la Création,https://www.journee-mondiale.com/440/journee-mondiale-de-priere-pour-la-creation.htm,1 septembre
 Jour de la démocratie [au Tibet],https://www.journee-mondiale.com/618/jour-de-la-democratie-au-tibet.htm,2 septembre
 Journée mondiale des gratte-ciel,https://www.journee-mondiale.com/619/journee-mondiale-des-gratte-ciel.htm,3 septembre
 Journée mondiale de la barbe,https://www.journee-mondiale.com/467/journee-mondiale-de-la-barbe.htm,4 septembre
 Journée internationale de sensibilisation aux vautours,https://www.journee-mondiale.com/402/journee-internationale-de-sensibilisation-aux-vautours.htm,4 septembre
 Journée mondiale de la santé sexuelle,https://www.journee-mondiale.com/658/journee-mondiale-de-la-sante-sexuelle.htm,4 septembre
 Journée internationale de la charité,https://www.journee-mondiale.com/351/journee-internationale-de-la-charite.htm,5 septembre
 Journée internationale du Blessé Médullaire,https://www.journee-mondiale.com/571/journee-internationale-du-blesse-medullaire.htm,5 septembre
 Journée mondiale des lymphomes,https://www.journee-mondiale.com/57/journee-mondiale-des-lymphomes.htm,6 septembre
 Journées mondiale du fair-play,https://www.journee-mondiale.com/613/journees-mondiale-du-fair-play.htm,7 septembre
 Journée mondiale de la myopathie de Duchenne,https://www.journee-mondiale.com/540/journee-mondiale-de-la-myopathie-de-duchenne.htm,7 septembre
 Journée mondiale de la physiothérapie,https://www.journee-mondiale.com/261/journee-mondiale-de-la-physiotherapie.htm,8 septembre
 Journée Internationale de l'alphabétisation,https://www.journee-mondiale.com/193/journee-internationale-de-l-alphabetisation.htm,8 septembre
 Journée mondiale de sensibilisation au syndrome d’alcoolisation fœtale,https://www.journee-mondiale.com/393/journee-mondiale-de-sensibilisation-au-syndrome-d-alcoolisation-ftale.htm,9 septembre
 Journée mondiale de la peluche...,https://www.journee-mondiale.com/553/journee-mondiale-de-la-peluche---.htm,9 septembre
 Journée Mondiale de prévention du suicide,https://www.journee-mondiale.com/17/journee-mondiale-de-prevention-du-suicide.htm,10 septembre
 Journée mondiale de lutte contre le terrorisme,https://www.journee-mondiale.com/23/journee-mondiale-de-lutte-contre-le-terrorisme.htm,11 septembre
 Journée Mondiale des premiers secours,https://www.journee-mondiale.com/36/journee-mondiale-des-premiers-secours.htm,11 septembre
 Journée nationale de la marche nordique,https://www.journee-mondiale.com/584/journee-nationale-de-la-marche-nordique.htm,11 septembre
 Journée Internationale des Nations-Unies pour la coopération Sud-Sud,https://www.journee-mondiale.com/82/journee-internationale-des-nations-unies-pour-la-cooperation-sud-sud.htm,12 septembre
 Journée Mondiale des programmeurs et développeurs,https://www.journee-mondiale.com/394/journee-mondiale-des-programmeurs-et-developpeurs.htm,13 septembre
 Journée Mondiale contre la Septicémie,https://www.journee-mondiale.com/551/journee-mondiale-contre-la-septicemie.htm,13 septembre
 Journée Internationale pour la liberté de l'instruction,https://www.journee-mondiale.com/247/journee-internationale-pour-la-liberte-de-l-instruction.htm,15 septembre
 Journée internationale de la démocratie,https://www.journee-mondiale.com/206/journee-internationale-de-la-democratie.htm,15 septembre
 Journée du transport public,https://www.journee-mondiale.com/248/journee-du-transport-public.htm,16 septembre
 Journée Internationale de la protection de la couche d'ozone,https://www.journee-mondiale.com/67/journee-internationale-de-la-protection-de-la-couche-d-ozone.htm,16 septembre
 Semaine européenne de la mobilité,https://www.journee-mondiale.com/527/semaine-europeenne-de-la-mobilite.htm,16 septembre
 Journée Mondiale de l'Arthrose,https://www.journee-mondiale.com/552/journee-mondiale-de-l-arthrose.htm,17 septembre
 Journées européennes du patrimoine,https://www.journee-mondiale.com/406/journees-europeennes-du-patrimoine.htm,18 septembre
 Journée mondiale du nettoyage,https://www.journee-mondiale.com/542/journee-mondiale-du-nettoyage.htm,18 septembre
 Journée mondiale du logiciel libre,https://www.journee-mondiale.com/405/journee-mondiale-du-logiciel-libre.htm,18 septembre
 Journée Internationale du Parler Pirate,https://www.journee-mondiale.com/87/journee-internationale-du-parler-pirate.htm,19 septembre
 Journée Européenne de la psychomotricité,https://www.journee-mondiale.com/489/journee-europeenne-de-la-psychomotricite.htm,19 septembre
 Journée internationale du sport universitaire,https://www.journee-mondiale.com/563/journee-internationale-du-sport-universitaire.htm,20 septembre
 Journée Européenne de la prostate,https://www.journee-mondiale.com/58/journee-europeenne-de-la-prostate.htm,20 septembre
 Semaine Européenne du développement durable,https://www.journee-mondiale.com/526/semaine-europeenne-du-developpement-durable.htm,20 septembre
 Journée Internationale de la paix,https://www.journee-mondiale.com/110/journee-internationale-de-la-paix.htm,21 septembre
 Journée internationale de la bibliodiversité,https://www.journee-mondiale.com/445/journee-internationale-de-la-bibliodiversite.htm,21 septembre
 Journée européenne des initiatives citoyennes de transition,https://www.journee-mondiale.com/570/journee-europeenne-des-initiatives-citoyennes-de-transition.htm,21 septembre
 Journée Mondiale de la maladie d'Alzheimer,https://www.journee-mondiale.com/109/journee-mondiale-de-la-maladie-d-alzheimer.htm,21 septembre
 Journée nationale du refus de l'échec scolaire,https://www.journee-mondiale.com/212/journee-nationale-du-refus-de-l-echec-scolaire.htm,22 septembre
 Journee mondiale de sensibilisation à la leucémie myéloïde chronique,https://www.journee-mondiale.com/267/journee-mondiale-de-sensibilisation-a-la-leucemie-myeloide-chronique.htm,22 septembre
 Journée Mondiale sans voiture,https://www.journee-mondiale.com/118/journee-mondiale-sans-voiture.htm,22 septembre
 Journée mondiale du rhinocéros,https://www.journee-mondiale.com/450/journee-mondiale-du-rhinoceros.htm,22 septembre
 Journée internationale des langues des signes,https://www.journee-mondiale.com/655/journee-internationale-des-langues-des-signes.htm,23 septembre
 journée internationale de la maladie de Willis-Ekbom,https://www.journee-mondiale.com/474/journee-internationale-de-la-maladie-de-willis-ekbom.htm,23 septembre
 Journée de la bisexualité,https://www.journee-mondiale.com/407/journee-de-la-bisexualite.htm,23 septembre
 Nuit européenne des chercheurs,https://www.journee-mondiale.com/446/nuit-europeenne-des-chercheurs.htm,24 septembre
 Journée Mondiale contre les brevets logiciels,https://www.journee-mondiale.com/202/journee-mondiale-contre-les-brevets-logiciels.htm,24 septembre
 Journée Mondiale des sourds,https://www.journee-mondiale.com/156/journee-mondiale-des-sourds.htm,25 septembre
 Journée mondiale des pharmaciens,https://www.journee-mondiale.com/623/journee-mondiale-des-pharmaciens.htm,25 septembre
 Journée mondiale du rêve,https://www.journee-mondiale.com/682/journee-mondiale-du-reve.htm,25 septembre
 Journée internationale pour l'élimination totale des armes nucléaires,https://www.journee-mondiale.com/669/journee-internationale-pour-l-elimination-totale-des-armes-nucleaires.htm,26 septembre
 Journée mondiale de la contraception,https://www.journee-mondiale.com/207/journee-mondiale-de-la-contraception.htm,26 septembre
 Journée Mondiale du migrant et du réfugié,https://www.journee-mondiale.com/217/journee-mondiale-du-migrant-et-du-refugie.htm,26 septembre
 Journée Européenne des langues,https://www.journee-mondiale.com/142/journee-europeenne-des-langues.htm,26 septembre
 Journée mondiale du tourisme,https://www.journee-mondiale.com/250/journee-mondiale-du-tourisme.htm,27 septembre
 Journée Internationale du droit d'accès à l'information,https://www.journee-mondiale.com/443/journee-internationale-du-droit-d-acces-a-l-information.htm,28 septembre
 Journée mondiale contre la rage,https://www.journee-mondiale.com/353/journee-mondiale-contre-la-rage.htm,28 septembre
 Journée mondiale du droit à l'avortement,https://www.journee-mondiale.com/453/journee-mondiale-du-droit-a-l-avortement.htm,28 septembre
 Journée Mondiale du coeur,https://www.journee-mondiale.com/133/journee-mondiale-du-coeur.htm,29 septembre
 Journée mondiale de la traduction,https://www.journee-mondiale.com/204/journee-mondiale-de-la-traduction.htm,30 septembre
 Journée Mondiale de la mer,https://www.journee-mondiale.com/162/journee-mondiale-de-la-mer.htm,30 septembre
 Journée mondiale du végétarisme,https://www.journee-mondiale.com/409/journee-mondiale-du-vegetarisme.htm,1 octobre
 Journée mondiale de l'urticaire,https://www.journee-mondiale.com/408/journee-mondiale-de-l-urticaire.htm,1 octobre
 Journée Mondiale du chocolat,https://www.journee-mondiale.com/283/journee-mondiale-du-chocolat.htm,1 octobre
 Journée internationale du raton laveur,https://www.journee-mondiale.com/668/journee-internationale-du-raton-laveur.htm,1 octobre
 Journée Internationale des personnes âgées,https://www.journee-mondiale.com/9/journee-internationale-des-personnes-agees.htm,1 octobre
 Journée Internationale de la musique,https://www.journee-mondiale.com/8/journee-internationale-de-la-musique.htm,1 octobre
 Journée internationale du café,https://www.journee-mondiale.com/419/journee-internationale-du-cafe.htm,1 octobre
 Journée mondiale du sourire,https://www.journee-mondiale.com/491/journee-mondiale-du-sourire.htm,1 octobre
 Journée Internationale de la non violence,https://www.journee-mondiale.com/203/journee-internationale-de-la-non-violence.htm,2 octobre
" Journée nationale du ""petit ami""",https://www.journee-mondiale.com/664/journee-nationale-du--petit-ami-.htm,3 octobre
 Journée Mondiale de l'habitat,https://www.journee-mondiale.com/173/journee-mondiale-de-l-habitat.htm,4 octobre
 Journée mondiale de l'architecture,https://www.journee-mondiale.com/439/journee-mondiale-de-l-architecture.htm,4 octobre
 Journée des grands parents,https://www.journee-mondiale.com/541/journee-des-grands-parents.htm,4 octobre
 Journée nationale des aveugles et malvoyants,https://www.journee-mondiale.com/169/journee-nationale-des-aveugles-et-malvoyants.htm,4 octobre
 Journée Mondiale des animaux,https://www.journee-mondiale.com/168/journee-mondiale-des-animaux.htm,4 octobre
 Journée Mondiale des enseignantes et des enseignants,https://www.journee-mondiale.com/172/journee-mondiale-des-enseignantes-et-des-enseignants.htm,5 octobre
 Journée nationale des aidants,https://www.journee-mondiale.com/355/journee-nationale-des-aidants.htm,6 octobre
 Journée mondiale de la paralysie cérébrale,https://www.journee-mondiale.com/533/journee-mondiale-de-la-paralysie-cerebrale.htm,6 octobre
 Journée mondiale d'action pour le travail décent,https://www.journee-mondiale.com/184/journee-mondiale-d-action-pour-le-travail-decent.htm,7 octobre
 Journée Mondiale de La Poste,https://www.journee-mondiale.com/201/journee-mondiale-de-la-poste.htm,8 octobre
 Journée mondiale de l'oeuf,https://www.journee-mondiale.com/357/journee-mondiale-de-l-oeuf.htm,8 octobre
 Journée internationale du poulpe,https://www.journee-mondiale.com/665/journee-internationale-du-poulpe.htm,8 octobre
 Journée internationale du squash,https://www.journee-mondiale.com/282/journee-internationale-du-squash.htm,9 octobre
 Journée mondiale des soins palliatifs,https://www.journee-mondiale.com/22/journee-mondiale-des-soins-palliatifs.htm,9 octobre
 Journée nationale des DYS,https://www.journee-mondiale.com/13/journee-nationale-des-dys.htm,9 octobre
 Journée Mondiale du handicap,https://www.journee-mondiale.com/200/journee-mondiale-du-handicap.htm,9 octobre
 Journée internationale de solidarité avec les peuples amérindiens,https://www.journee-mondiale.com/356/journee-internationale-de-solidarite-avec-les-peuples-amerindiens.htm,10 octobre
 Journée Mondiale de la santé mentale,https://www.journee-mondiale.com/14/journee-mondiale-de-la-sante-mentale.htm,10 octobre
 Journée internationale de l'X fragile,https://www.journee-mondiale.com/534/journee-internationale-de-l-x-fragile.htm,10 octobre
 Journée Mondiale contre la peine de mort,https://www.journee-mondiale.com/15/journee-mondiale-contre-la-peine-de-mort.htm,10 octobre
 Journée Internationale des Filles,https://www.journee-mondiale.com/284/journee-internationale-des-filles.htm,11 octobre
 Journée Internationale du coming out,https://www.journee-mondiale.com/268/journee-internationale-du-coming-out.htm,11 octobre
 Jour de Christophe Colomb,https://www.journee-mondiale.com/410/jour-de-christophe-colomb.htm,11 octobre
 Journée mondiale de l'arthrite,https://www.journee-mondiale.com/490/journee-mondiale-de-l-arthrite.htm,12 octobre
 Journée Internationale de la prévention des catastrophes naturelles,https://www.journee-mondiale.com/43/journee-internationale-de-la-prevention-des-catastrophes-naturelles.htm,13 octobre
 Journée mondiale de la thrombose,https://www.journee-mondiale.com/678/journee-mondiale-de-la-thrombose.htm,13 octobre
 Journée nationale de la sécurité routière,https://www.journee-mondiale.com/35/journee-nationale-de-la-securite-routiere.htm,13 octobre
 Journée internationale du hamburger,https://www.journee-mondiale.com/471/journee-internationale-du-hamburger.htm,13 octobre
 Journée nationale de la qualité de l'air,https://www.journee-mondiale.com/487/journee-nationale-de-la-qualite-de-l-air.htm,14 octobre
 Journée mondiale pour la vue,https://www.journee-mondiale.com/16/journee-mondiale-pour-la-vue.htm,14 octobre
 Journée Mondiale pour la normalisation,https://www.journee-mondiale.com/44/journee-mondiale-pour-la-normalisation.htm,14 octobre
 Journée Mondiale du lavage des mains,https://www.journee-mondiale.com/54/journee-mondiale-du-lavage-des-mains.htm,15 octobre
 Journée mondiale de sensibilisation au deuil périnatal.,https://www.journee-mondiale.com/300/journee-mondiale-de-sensibilisation-au-deuil-perinatal-.htm,15 octobre
 Journée Internationale de la Canne Blanche,https://www.journee-mondiale.com/53/journee-internationale-de-la-canne-blanche.htm,15 octobre
 Journée Internationale de la femme rurale,https://www.journee-mondiale.com/55/journee-internationale-de-la-femme-rurale.htm,15 octobre
 Journée internationale des fossiles,https://www.journee-mondiale.com/494/journee-internationale-des-fossiles.htm,15 octobre
 Journée nationale des toxicomanies,https://www.journee-mondiale.com/56/journee-nationale-des-toxicomanies.htm,15 octobre
 Journée mondiale de la colonne vertébrale,https://www.journee-mondiale.com/289/journee-mondiale-de-la-colonne-vertebrale.htm,16 octobre
 Journée Mondiale de l'alimentation,https://www.journee-mondiale.com/64/journee-mondiale-de-l-alimentation.htm,16 octobre
 Journée mondiale du pain,https://www.journee-mondiale.com/265/journee-mondiale-du-pain.htm,16 octobre
 Journée mondiale du don d'organes et de la greffe,https://www.journee-mondiale.com/74/journee-mondiale-du-don-d-organes-et-de-la-greffe.htm,17 octobre
 Journée Mondiale du refus de la misère,https://www.journee-mondiale.com/75/journee-mondiale-du-refus-de-la-misere.htm,17 octobre
 Journée Mondiale de la ménopause,https://www.journee-mondiale.com/81/journee-mondiale-de-la-menopause.htm,18 octobre
 Journée mondiale contre la douleur,https://www.journee-mondiale.com/30/journee-mondiale-contre-la-douleur.htm,18 octobre
 Journée mondiale contre le cancer du sein,https://www.journee-mondiale.com/666/journee-mondiale-contre-le-cancer-du-sein.htm,19 octobre
 Journée Internationale des Cuisiniers,https://www.journee-mondiale.com/211/journee-internationale-des-cuisiniers.htm,20 octobre
 Journée Mondiale de l'ostéoporose,https://www.journee-mondiale.com/100/journee-mondiale-de-l-osteoporose.htm,20 octobre
 Journée mondiale de la statistique,https://www.journee-mondiale.com/449/journee-mondiale-de-la-statistique.htm,20 octobre
 Journée Internationale pour la Résolution des Conflits,https://www.journee-mondiale.com/253/journee-internationale-pour-la-resolution-des-conflits.htm,21 octobre
 Journée mondiale des vers de terre,https://www.journee-mondiale.com/624/journee-mondiale-des-vers-de-terre.htm,21 octobre
 Journée mondiale du Champagne (Champagne' Day),https://www.journee-mondiale.com/575/journee-mondiale-du-champagne-champagne--day.htm,22 octobre
 Journée mondiale de l'énergie,https://www.journee-mondiale.com/544/journee-mondiale-de-l-energie.htm,22 octobre
 Journée Mondiale du bégaiement,https://www.journee-mondiale.com/117/journee-mondiale-du-begaiement.htm,22 octobre
 Journée internationale du léopard des neiges,https://www.journee-mondiale.com/667/journee-internationale-du-leopard-des-neiges.htm,23 octobre
 Journée des Nations Unies,https://www.journee-mondiale.com/252/journee-des-nations-unies.htm,24 octobre
 Journée mondiale de lutte contre la polio,https://www.journee-mondiale.com/359/journee-mondiale-de-lutte-contre-la-polio.htm,24 octobre
 Journée Mondiale d'information sur le développement,https://www.journee-mondiale.com/125/journee-mondiale-d-information-sur-le-developpement.htm,24 octobre
 Journée missionnaire mondiale,https://www.journee-mondiale.com/66/journee-missionnaire-mondiale.htm,24 octobre
 Journée Mondiale des pâtes,https://www.journee-mondiale.com/210/journee-mondiale-des-pates.htm,25 octobre
 Journée européenne de la justice,https://www.journee-mondiale.com/501/journee-europeenne-de-la-justice.htm,25 octobre
 Journée de la visibilité intersexe,https://www.journee-mondiale.com/621/journee-de-la-visibilite-intersexe.htm,26 octobre
 Journée mondiale de l'amylose,https://www.journee-mondiale.com/674/journee-mondiale-de-l-amylose.htm,26 octobre
 Journée mondiale du patrimoine audiovisuel,https://www.journee-mondiale.com/254/journee-mondiale-du-patrimoine-audiovisuel.htm,27 octobre
 Journée mondiale de l'ergothérapie,https://www.journee-mondiale.com/400/journee-mondiale-de-l-ergotherapie.htm,27 octobre
 Journée européenne de la dépression,https://www.journee-mondiale.com/285/journee-europeenne-de-la-depression.htm,27 octobre
 Journée mondiale du judo,https://www.journee-mondiale.com/286/journee-mondiale-du-judo.htm,28 octobre
 Journée mondiale du cinéma d'animation,https://www.journee-mondiale.com/260/journee-mondiale-du-cinema-d-animation.htm,28 octobre
 Journée Internationale de la langue et de la culture créoles,https://www.journee-mondiale.com/148/journee-internationale-de-la-langue-et-de-la-culture-creoles.htm,28 octobre
 Journée mondiale des accidents vasculaires cérébraux,https://www.journee-mondiale.com/154/journee-mondiale-des-accidents-vasculaires-cerebraux.htm,29 octobre
 Journée Mondiale du psoriasis,https://www.journee-mondiale.com/155/journee-mondiale-du-psoriasis.htm,29 octobre
 Journée mondiale de la Vie,https://www.journee-mondiale.com/288/journee-mondiale-de-la-vie.htm,30 octobre
 Journée mondiale de l'épargne,https://www.journee-mondiale.com/361/journee-mondiale-de-l-epargne.htm,31 octobre
 Journée Mondiale Végane,https://www.journee-mondiale.com/291/journee-mondiale-vegane.htm,1 novembre
 Journée internationale de la fin de l’impunité pour les crimes commis contre des journalistes,https://www.journee-mondiale.com/412/journee-internationale-de-la-fin-de-l-impunite-pour-les-crimes-commis-contre-des-journalistes.htm,2 novembre
 Journée Mondiale de la gentillesse,https://www.journee-mondiale.com/209/journee-mondiale-de-la-gentillesse.htm,3 novembre
 Journée du bon sens,https://www.journee-mondiale.com/625/journee-du-bon-sens.htm,4 novembre
 Journée annuelle des parents au bureau,https://www.journee-mondiale.com/460/journee-annuelle-des-parents-au-bureau.htm,5 novembre
 Journée mondiale de sensibilisation aux tsunamis,https://www.journee-mondiale.com/561/journee-mondiale-de-sensibilisation-aux-tsunamis.htm,5 novembre
 Journée mondiale de la langue Romani,https://www.journee-mondiale.com/562/journee-mondiale-de-la-langue-romani.htm,5 novembre
 Journée Internationale pour la préservation de l'environnement en temps de guerre,https://www.journee-mondiale.com/177/journee-internationale-pour-la-preservation-de-l-environnement-en-temps-de-guerre.htm,6 novembre
 Journée Mondiale sans papier,https://www.journee-mondiale.com/290/journee-mondiale-sans-papier.htm,6 novembre
 Journée Internationale de l'écrivain africain,https://www.journee-mondiale.com/183/journee-internationale-de-l-ecrivain-africain.htm,7 novembre
 Semaine mondiale de l'entrepreneur,https://www.journee-mondiale.com/314/semaine-mondiale-de-l-entrepreneur.htm,8 novembre
 Journée internationale de la radiologie,https://www.journee-mondiale.com/388/journee-internationale-de-la-radiologie.htm,8 novembre
 Mois de l'économie sociale et solidaire,https://www.journee-mondiale.com/626/mois-de-l-economie-sociale-et-solidaire.htm,9 novembre
 Journée mondiale de sensibilisation aux tumeurs neuro-endocrines,https://www.journee-mondiale.com/292/journee-mondiale-de-sensibilisation-aux-tumeurs-neuro-endocrines.htm,10 novembre
 Journée internationale des stagiaires,https://www.journee-mondiale.com/457/journee-internationale-des-stagiaires.htm,10 novembre
 Journée Mondiale de la science au service de la paix et du développement,https://www.journee-mondiale.com/12/journee-mondiale-de-la-science-au-service-de-la-paix-et-du-developpement.htm,10 novembre
 Journée mondiale du kératocône,https://www.journee-mondiale.com/590/journee-mondiale-du-keratocone.htm,10 novembre
 Journée mondiale de la qualité,https://www.journee-mondiale.com/322/journee-mondiale-de-la-qualite.htm,11 novembre
 Journée mondiale de l'utilisabilité,https://www.journee-mondiale.com/34/journee-mondiale-de-l-utilisabilite.htm,11 novembre
 Journée internationale des célibataires,https://www.journee-mondiale.com/535/journee-internationale-des-celibataires.htm,11 novembre
 Journée Mondiale de la pneumonie,https://www.journee-mondiale.com/293/journee-mondiale-de-la-pneumonie.htm,12 novembre
 Journée mondiale de la vasectomie,https://www.journee-mondiale.com/459/journee-mondiale-de-la-vasectomie.htm,13 novembre
 Journée mondiale des pauvres,https://www.journee-mondiale.com/545/journee-mondiale-des-pauvres.htm,14 novembre
 Journée mondiale du diabète,https://www.journee-mondiale.com/42/journee-mondiale-du-diabete.htm,14 novembre
 Journée mondiale des écrivains en prison,https://www.journee-mondiale.com/52/journee-mondiale-des-ecrivains-en-prison.htm,15 novembre
 Journée Internationale de la tolérance,https://www.journee-mondiale.com/63/journee-internationale-de-la-tolerance.htm,16 novembre
 Journée Mondiale de la Prématurité,https://www.journee-mondiale.com/215/journee-mondiale-de-la-prematurite.htm,17 novembre
 Journée internationale des GIS (systèmes d'information géographiques),https://www.journee-mondiale.com/451/journee-internationale-des-gis-systemes-d-information-geographiques.htm,17 novembre
 Journée de la Philosophie à l'UNESCO,https://www.journee-mondiale.com/80/journee-de-la-philosophie-a-l-unesco.htm,18 novembre
 Journée européenne d'information sur les antibiotiques,https://www.journee-mondiale.com/358/journee-europeenne-d-information-sur-les-antibiotiques.htm,18 novembre
 Journée nationale de lutte contre le harcèlement scolaire,https://www.journee-mondiale.com/456/journee-nationale-de-lutte-contre-le-harcelement-scolaire.htm,18 novembre
 Journée internationale de l'homme,https://www.journee-mondiale.com/321/journee-internationale-de-l-homme.htm,19 novembre
 Journée Mondiale des toilettes,https://www.journee-mondiale.com/255/journee-mondiale-des-toilettes.htm,19 novembre
 Journée mondiale pour la prévention des abus envers les enfants,https://www.journee-mondiale.com/85/journee-mondiale-pour-la-prevention-des-abus-envers-les-enfants.htm,19 novembre
 Journée mondiale du jeu vidéo,https://www.journee-mondiale.com/259/journee-mondiale-du-jeu-video.htm,19 novembre
 Journée nationale des assistantes maternelles,https://www.journee-mondiale.com/362/journee-nationale-des-assistantes-maternelles.htm,19 novembre
 Journée Mondiale pour l'industrialisation de l'Afrique,https://www.journee-mondiale.com/97/journee-mondiale-pour-l-industrialisation-de-l-afrique.htm,20 novembre
 Journée Internationale des droits de l'enfant,https://www.journee-mondiale.com/98/journee-internationale-des-droits-de-l-enfant.htm,20 novembre
 Journée nationale contre l'herpés,https://www.journee-mondiale.com/99/journee-nationale-contre-l-herpes.htm,20 novembre
 Journée internationale du souvenir trans,https://www.journee-mondiale.com/213/journee-internationale-du-souvenir-trans.htm,20 novembre
 Journée Mondiale des pecheurs artisans et des travailleurs de la mer,https://www.journee-mondiale.com/107/journee-mondiale-des-pecheurs-artisans-et-des-travailleurs-de-la-mer.htm,21 novembre
 Journée Mondiale de la Télévision,https://www.journee-mondiale.com/108/journee-mondiale-de-la-television.htm,21 novembre
 Journée mondiale contre les Broncho-Pneumopathies Chroniques Obstructives,https://www.journee-mondiale.com/86/journee-mondiale-contre-les-broncho-pneumopathies-chroniques-obstructives.htm,21 novembre
 Journée mondiale du souvenir des victimes des accidents de la route,https://www.journee-mondiale.com/364/journee-mondiale-du-souvenir-des-victimes-des-accidents-de-la-route.htm,21 novembre
 Semaine européenne de réduction des déchets,https://www.journee-mondiale.com/458/semaine-europeenne-de-reduction-des-dechets.htm,22 novembre
 C'est la journée de la chicorée,https://www.journee-mondiale.com/675/c-est-la-journee-de-la-chicoree.htm,23 novembre
 Journée internationale de la Bible,https://www.journee-mondiale.com/415/journee-internationale-de-la-bible.htm,24 novembre
 Journée mondiale anti foie gras,https://www.journee-mondiale.com/414/journee-mondiale-anti-foie-gras.htm,25 novembre
 Journée Internationale pour l'élimination de la violence à l'égard des femmes,https://www.journee-mondiale.com/132/journee-internationale-pour-l-elimination-de-la-violence-a-l-egard-des-femmes.htm,25 novembre
 Journée internationale des professeurs de français,https://www.journee-mondiale.com/659/journee-internationale-des-professeurs-de-francais.htm,25 novembre
 Journée internationale des aides-soignants,https://www.journee-mondiale.com/363/journee-internationale-des-aides-soignants.htm,26 novembre
 Journée mondiale de l'olivier,https://www.journee-mondiale.com/677/journee-mondiale-de-l-olivier.htm,26 novembre
 Journée Mondiale Sans Achats,https://www.journee-mondiale.com/141/journee-mondiale-sans-achats.htm,27 novembre
 il y a beaucoup de naissances célèbres ce jour là,https://www.journee-mondiale.com/676/il-y-a-beaucoup-de-naissances-celebres-ce-jour-la.htm,28 novembre
 Journée Internationale de solidarité avec le peuple palestinien,https://www.journee-mondiale.com/153/journee-internationale-de-solidarite-avec-le-peuple-palestinien.htm,29 novembre
 Journée mondiale des Villes pour la Vie,https://www.journee-mondiale.com/627/journee-mondiale-des-villes-pour-la-vie.htm,30 novembre
 Journée mondiale de la générosité,https://www.journee-mondiale.com/548/journee-mondiale-de-la-generosite.htm,30 novembre
 Journée Mondiale de la lutte contre le SIDA,https://www.journee-mondiale.com/4/journee-mondiale-de-la-lutte-contre-le-sida.htm,1 décembre
 Journée Internationale pour l'abolition de l'esclavage,https://www.journee-mondiale.com/89/journee-internationale-pour-l-abolition-de-l-esclavage.htm,2 décembre
 Journée internationale de la samba,https://www.journee-mondiale.com/520/journee-internationale-de-la-samba.htm,2 décembre
 Journée nationale du cinéma indépendant,https://www.journee-mondiale.com/157/journee-nationale-du-cinema-independant.htm,3 décembre
 Journée Internationale des personnes handicapées,https://www.journee-mondiale.com/158/journee-internationale-des-personnes-handicapees.htm,3 décembre
 Journée internationale des banques,https://www.journee-mondiale.com/593/journee-internationale-des-banques.htm,4 décembre
 Journée Internationale du Ninja,https://www.journee-mondiale.com/295/journee-internationale-du-ninja.htm,5 décembre
 Journée Mondiale de l'égalité des chances,https://www.journee-mondiale.com/454/journee-mondiale-de-l-egalite-des-chances.htm,5 décembre
 Journée mondiale des sols,https://www.journee-mondiale.com/416/journee-mondiale-des-sols.htm,5 décembre
 Journée mondiale du bénévolat,https://www.journee-mondiale.com/122/journee-mondiale-du-benevolat.htm,5 décembre
 journée française de la maladie d'Huntington,https://www.journee-mondiale.com/374/journee-francaise-de-la-maladie-d-huntington.htm,6 décembre
 Journée Internationale de l'aviation civile,https://www.journee-mondiale.com/181/journee-internationale-de-l-aviation-civile.htm,7 décembre
 Journée Mondiale du Climat,https://www.journee-mondiale.com/187/journee-mondiale-du-climat.htm,8 décembre
 Journée internationale de prévention des génocides,https://www.journee-mondiale.com/499/journee-internationale-de-prevention-des-genocides.htm,9 décembre
 Journée Mondiale des Nations Unies contre la corruption,https://www.journee-mondiale.com/195/journee-mondiale-des-nations-unies-contre-la-corruption.htm,9 décembre
 Journée nationale de la laïcité,https://www.journee-mondiale.com/421/journee-nationale-de-la-laicite.htm,9 décembre
 Journée internationale pour les droits des animaux,https://www.journee-mondiale.com/298/journee-internationale-pour-les-droits-des-animaux.htm,10 décembre
 Journée Mondiale des droits de l'Homme,https://www.journee-mondiale.com/10/journee-mondiale-des-droits-de-l-homme.htm,10 décembre
 Journée Internationale de la montagne,https://www.journee-mondiale.com/18/journee-internationale-de-la-montagne.htm,11 décembre
 Journée mondiale des enfants partis trop tôt.,https://www.journee-mondiale.com/466/journee-mondiale-des-enfants-partis-trop-tot-.htm,12 décembre
 Journée internationale de la musique  Métal,https://www.journee-mondiale.com/502/journee-internationale-de-la-musique--metal.htm,12 décembre
 Journée mondiale du chant choral,https://www.journee-mondiale.com/37/journee-mondiale-du-chant-choral.htm,12 décembre
 Journée mondiale des Otakus,https://www.journee-mondiale.com/462/journee-mondiale-des-otakus.htm,13 décembre
 Journée mondiale de rien du tout,https://www.journee-mondiale.com/629/journee-mondiale-de-rien-du-tout.htm,14 décembre
 Journée [universelle] de l'esperanto,https://www.journee-mondiale.com/281/journee-universelle-de-l-esperanto.htm,15 décembre
 ... on va pouvoir souffler un peu !,https://www.journee-mondiale.com/630/----on-va-pouvoir-souffler-un-peu--.htm,16 décembre
 Journée internationale du pull de Noël,https://www.journee-mondiale.com/463/journee-internationale-du-pull-de-noel.htm,17 décembre
 Journée internationale de lutte contre les violences faites aux travailleuses du sexe,https://www.journee-mondiale.com/685/journee-internationale-de-lutte-contre-les-violences-faites-aux-travailleuses-du-sexe.htm,17 décembre
 Journée mondiale pour la langue Arabe,https://www.journee-mondiale.com/287/journee-mondiale-pour-la-langue-arabe.htm,18 décembre
 Journée internationale des migrants,https://www.journee-mondiale.com/76/journee-internationale-des-migrants.htm,18 décembre
 Journée internationale de la solidarité humaine,https://www.journee-mondiale.com/461/journee-internationale-de-la-solidarite-humaine.htm,20 décembre
 Journée Mondiale de l'Orgasme...,https://www.journee-mondiale.com/302/journee-mondiale-de-l-orgasme---.htm,21 décembre
 c'est pas une raison pour ne pas souhaiter un Joyeux Noël !,https://www.journee-mondiale.com/496/c-est-pas-une-raison-pour-ne-pas-souhaiter-un-joyeux-noel--.htm,25 décembre
 C'est le jour des boites...,https://www.journee-mondiale.com/595/c-est-le-jour-des-boites---.htm,26 décembre
 Journée internationale de la préparation aux épidémies,https://www.journee-mondiale.com/680/journee-internationale-de-la-preparation-aux-epidemies.htm,27 décembre
 On en profite pour répondre à une question parfois posée...,https://www.journee-mondiale.com/596/on-en-profite-pour-repondre-a-une-question-parfois-posee---.htm,30 décembre
